"id","product_category_id","name","description","image","barcode","buying_price","selling_price","quantity","created_by","updated_by","is_active","created_at","updated_at"
"1","1","Coloured Pencils (ORO #302)",NULL,NULL,"614614357063","270.00","500.00","0","Super Admin User",NULL,"1","2025-02-01 21:00:00",NULL
"2","1","Writing Pad",NULL,NULL,,"130.00","200.00","0","Super Admin User",NULL,"1","2025-02-01 21:00:00",NULL
"3","1","Dollar My Pencil PT 111",NULL,NULL,"695240207960","14.00","20.00","0","Super Admin User",NULL,"1","2025-02-01 21:00:00",NULL
"4","1","Dollar My Pencil PT 222",NULL,NULL,"695240208011","14.00","20.00","0","Super Admin User",NULL,"1","2025-02-01 21:00:00",NULL
"5","1","Sticky Notes 19x76mm",NULL,NULL,"6953435901975","45.00","70.00","0","Super Admin User",NULL,"1","2025-02-01 21:00:00",NULL
"6","1","Sticky Notes 3x3in",NULL,NULL,"6959757620150","64.00","70.00","0","Super Admin User",NULL,"1","2025-02-01 21:00:00",NULL
"7","1","Dux 701 Geometry",NULL,NULL,"1000012370107","345.00","370.00","0","Super Admin User",NULL,"1","2025-02-01 21:00:00",NULL
"8","1","Dux 702 Geometry",NULL,NULL,"736211118677","290.00","350.00","0","Super Admin User",NULL,"1","2025-02-01 21:00:00",NULL
"9","1","Colour Paper Alpha Spectra",NULL,NULL,,"3.00","5.00","0","Super Admin User",NULL,"1","2025-02-01 21:00:00",NULL
"10","1","Copymate Paper Rim",NULL,NULL,"8961006100021","2.00","5.00","0","Super Admin User",NULL,"1","2025-02-01 21:00:00",NULL
"11","1","Kidko D Set",NULL,NULL,"8969217200646","120.00","160.00","0","Super Admin User",NULL,"1","2025-02-01 21:00:00",NULL
"12","1","Transparent D",NULL,NULL,"9781565924796","35.00","50.00","0","Super Admin User",NULL,"1","2025-02-01 21:00:00",NULL
"13","1","Compass Dux",NULL,NULL,"1000012380007","50.00","80.00","0","Super Admin User",NULL,"1","2025-02-01 21:00:00",NULL
"14","1","Staples Pin (Oro No.10)",NULL,NULL,"736211117564","30.00","40.00","0","Super Admin User",NULL,"1","2025-02-01 21:00:00",NULL
"15","1","Staples Pin (Dollar 24/6)",NULL,NULL,"695240103033","22.00","40.00","0","Super Admin User",NULL,"1","2025-02-01 21:00:00",NULL
"16","1","Staples Pin (Tick 24/6)",NULL,NULL,"9780201679137","25.00","50.00","0","Super Admin User",NULL,"1","2025-02-01 21:00:00",NULL
"17","1","Staples Pin (Dollar  #10)",NULL,NULL,"695240103026","36.00","40.00","0","Super Admin User",NULL,"1","2025-02-01 21:00:00",NULL
"18","1","Binder Clip (R-next)",NULL,NULL,"6949373700251","10.00","15.00","0","Super Admin User",NULL,"1","2025-02-01 21:00:00",NULL
"19","1","Paper Clip (Selectum)",NULL,NULL,"57447587014","35.00","50.00","0","Super Admin User",NULL,"1","2025-02-01 21:00:00",NULL
"20","1","Stapler Alfa (ORO)",NULL,NULL,"736211116062","350.00","450.00","0","Super Admin User",NULL,"1","2025-02-01 21:00:00",NULL
"21","1","Stapler (Deli)",NULL,NULL,"6921734903259","442.00","650.00","0","Super Admin User",NULL,"1","2025-02-01 21:00:00",NULL
"22","1","Stapler Nexus (ORO #24/6)",NULL,NULL,"736211116468","600.00","800.00","0","Super Admin User",NULL,"1","2025-02-01 21:00:00",NULL
"23","1","Drawing Pins (Enoy)",NULL,NULL,"1000012340001","32.00","50.00","0","Super Admin User",NULL,"1","2025-02-01 21:00:00",NULL
"24","1","Stapler (Chanyi)",NULL,NULL,"6926662322530","270.00","350.00","0","Super Admin User",NULL,"1","2025-02-01 21:00:00",NULL
"25","1","Binder Clip (Chanyi-25mm)",NULL,NULL,"6926662333246","10.00","15.00","0","Super Admin User",NULL,"1","2025-02-01 21:00:00",NULL
"26","1","Binder Clip (Dimond-25mm)",NULL,NULL,"6942183550252","10.00","15.00","0","Super Admin User",NULL,"1","2025-02-01 21:00:00",NULL
"27","1","Shapener (Silver-X)",NULL,NULL,"424460703125","6.00","10.00","0","Super Admin User",NULL,"1","2025-02-01 21:00:00",NULL
"28","1","Sharpener (Camel 3301-B)",NULL,NULL,,"8.00","10.00","0","Super Admin User",NULL,"1","2025-02-01 21:00:00",NULL
"29","1","Pen Dollar (SP-10)",NULL,NULL,"695240206598","75.00","100.00","0","Super Admin User",NULL,"1","2025-02-01 21:00:00",NULL
"30","1","Pen Dollar (717-i)",NULL,NULL,"695240202989","80.00","100.00","0","Super Admin User",NULL,"1","2025-02-01 21:00:00",NULL
"31","1","Pen Dollar (Glam)",NULL,NULL,"695240208967","55.00","100.00","0","Super Admin User",NULL,"1","2025-02-01 21:00:00",NULL
"32","1","Pen Dollar (FP-5)",NULL,NULL,"695240209292","85.00","100.00","0","Super Admin User",NULL,"1","2025-02-01 21:00:00",NULL
"33","1","Pen Dollar (Bliss)",NULL,NULL,"695240209841","89.00","100.00","0","Super Admin User",NULL,"1","2025-02-01 21:00:00",NULL
"34","1","Pen Dollar (Qalam)",NULL,NULL,"695240210083","86.00","100.00","0","Super Admin User",NULL,"1","2025-02-01 21:00:00",NULL
"35","1","Color Pencils (Tricon)",NULL,NULL,"8963920320615","260.00","380.00","0","Super Admin User",NULL,"1","2025-02-01 21:00:00",NULL
"36","1","Color Pencils (Tango Full Color)",NULL,NULL,"8963920320424","155.00","180.00","0","Super Admin User",NULL,"1","2025-02-01 21:00:00",NULL
"37","1","Color Pencils (Tango Half Color)",NULL,NULL,"742761776953","78.00","100.00","0","Super Admin User",NULL,"1","2025-02-01 21:00:00",NULL
"38","1","Staples Pin (Fuji 24/6)",NULL,NULL,"1000012360009","51.00","60.00","0","Super Admin User",NULL,"1","2025-02-01 21:00:00",NULL
"39","1","Punch (Fuji-600)",NULL,NULL,"1000012460009","525.00","550.00","0","Super Admin User",NULL,"1","2025-02-01 21:00:00",NULL
"40","1","Stapler (Fuji-T35)",NULL,NULL,"1000012351000","410.00","500.00","0","Super Admin User",NULL,"1","2025-02-01 21:00:00",NULL
"41","1","Majic Slate (DJ-9812)",NULL,NULL,"6971399290065","275.00","350.00","0","Super Admin User",NULL,"1","2025-02-01 21:00:00",NULL
"42","1","Scale Wooden",NULL,NULL,,"14.00","30.00","0","Super Admin User",NULL,"1","2025-02-01 21:00:00",NULL
"43","1","Scale Steel  (Full)",NULL,NULL,,"50.00","60.00","0","Super Admin User",NULL,"1","2025-02-01 21:00:00",NULL
"44","1","Scale Steel (Half)",NULL,NULL,,"20.00","30.00","0","Super Admin User",NULL,"1","2025-02-01 21:00:00",NULL
"45","1","Binder Clip 32mm",NULL,NULL,"6942183550320","30.00","40.00","0","Super Admin User",NULL,"1","2025-02-01 21:00:00",NULL
"46","1","Binder Clip 2"" Width",NULL,NULL,,"30.00","40.00","0","Super Admin User",NULL,"1","2025-02-01 21:00:00",NULL
"47","1","Binder Clip 51mm",NULL,NULL,"6942183550511","20.00","30.00","0","Super Admin User",NULL,"1","2025-02-01 21:00:00",NULL
"48","1","Binder Clip 41mm",NULL,NULL,"6942183550412","10.00","20.00","0","Super Admin User",NULL,"1","2025-02-01 21:00:00",NULL
"49","1","Tissue (Clean Soft)",NULL,NULL,"925100014033","20.00","30.00","0","Super Admin User",NULL,"1","2025-02-01 21:00:00",NULL
"50","1","Rubber Bands",NULL,NULL,"323492504116","15.00","20.00","0","Super Admin User",NULL,"1","2025-02-01 21:00:00",NULL
"51","1","White Board A4",NULL,NULL,,"150.00","200.00","0","Super Admin User",NULL,"1","2025-02-01 21:00:00",NULL
"52","1","White Board (R&W #1003)",NULL,NULL,,"110.00","200.00","0","Super Admin User",NULL,"1","2025-02-01 21:00:00",NULL
"53","1","LCD Panel 10.5""",NULL,NULL,"6935539609223","550.00","650.00","0","Super Admin User",NULL,"1","2025-02-01 21:00:00",NULL
"54","1","LCD Panel 12""",NULL,NULL,,"630.00","750.00","0","Super Admin User",NULL,"1","2025-02-01 21:00:00",NULL
"55","1","LCD Panel 8.5""",NULL,NULL,,"300.00","400.00","0","Super Admin User",NULL,"1","2025-02-01 21:00:00",NULL
"56","1","Paper Clip (Camel 25mm)",NULL,NULL,"1000012350000","45.00","50.00","0","Super Admin User",NULL,"1","2025-02-01 21:00:00",NULL
"57","1","Pen Stand (8006)",NULL,NULL,,"750.00","850.00","0","Super Admin User",NULL,"1","2025-02-01 21:00:00",NULL
"58","1","Tap Dispenser (Okacia-100)",NULL,NULL,,"380.00","450.00","0","Super Admin User",NULL,"1","2025-02-01 21:00:00",NULL
"59","1","Paper Clip (Kores 28mm)",NULL,NULL,"9023800430601","50.00","60.00","0","Super Admin User",NULL,"1","2025-02-01 21:00:00",NULL
"60","1","Staple Remover (Tick)",NULL,NULL,"9780202110196","35.00","50.00","0","Super Admin User",NULL,"1","2025-02-01 21:00:00",NULL
"61","1","Scissor (Large)",NULL,NULL,"6998740191888","100.00","150.00","0","Super Admin User",NULL,"1","2025-02-01 21:00:00",NULL
"62","1","Scissor (Small)",NULL,NULL,,"75.00","100.00","0","Super Admin User",NULL,"1","2025-02-01 21:00:00",NULL
"63","1","Page Cutter",NULL,NULL,,"80.00","100.00","0","Super Admin User",NULL,"1","2025-02-01 21:00:00",NULL
"64","1","Duster",NULL,NULL,,"40.00","50.00","0","Super Admin User",NULL,"1","2025-02-01 21:00:00",NULL
"65","1","Best Wishes (Envelope)",NULL,NULL,,"4.00","10.00","0","Super Admin User",NULL,"1","2025-02-01 21:00:00",NULL
"66","1","Best Wishes (Card)",NULL,NULL,,"4.00","10.00","0","Super Admin User",NULL,"1","2025-02-01 21:00:00",NULL
"67","1","Push Pin",NULL,NULL,,"35.00","50.00","0","Super Admin User",NULL,"1","2025-02-01 21:00:00",NULL
"68","1","Paper Sheet (Dasta)",NULL,NULL,,"7.00","10.00","0","Super Admin User",NULL,"1","2025-02-01 21:00:00",NULL
"69","1","White Board (R&W #1006)",NULL,NULL,,"190.00","250.00","0","Super Admin User",NULL,"1","2025-02-01 21:00:00",NULL
"70","1","Balloon",NULL,NULL,"6971592440014","2.00","5.00","0","Super Admin User",NULL,"1","2025-02-01 21:00:00","2025-03-15 03:54:18"
"71","2","Gift Paper Bag (Extra Small)",NULL,NULL,,"27.00","50.00","0","Super Admin User",NULL,"1","2025-02-01 21:00:00",NULL
"72","2","Gift Paper Bag (Small)",NULL,NULL,,"55.00","70.00","0","Super Admin User",NULL,"1","2025-02-01 21:00:00",NULL
"73","2","Gift Paper Bag (Medium)",NULL,NULL,,"125.00","150.00","0","Super Admin User",NULL,"1","2025-02-01 21:00:00",NULL
"74","2","Gift Paper Bag (Large)",NULL,NULL,,"216.00","250.00","0","Super Admin User",NULL,"1","2025-02-01 21:00:00",NULL
"75","1","Gift Packing Sheet (Plastic & Paper)",NULL,NULL,,"13.00","20.00","0","Super Admin User",NULL,"1","2025-02-01 21:00:00",NULL
"76","1","Highlighter",NULL,NULL,,"40.00","60.00","0","Super Admin User",NULL,"1","2025-02-01 21:00:00",NULL
"77","3","Pouch HS Label (Pink & Black)",NULL,NULL,,"550.00","250.00","0","Super Admin User",NULL,"1","2025-02-01 21:00:00","2025-03-15 03:53:33"
"78","1","Double Tape 1""",NULL,NULL,,"165.00","200.00","0","Super Admin User",NULL,"1","2025-02-01 21:00:00",NULL
"79","1","Paper Tape 1""",NULL,NULL,,"85.00","100.00","0","Super Admin User",NULL,"1","2025-02-01 21:00:00",NULL
"80","1","Scotch Tape 1""",NULL,NULL,,"70.00","100.00","0","Super Admin User",NULL,"1","2025-02-01 21:00:00",NULL
"81","1","Scotch Tape 2""",NULL,NULL,,"185.00","200.00","0","Super Admin User",NULL,"1","2025-02-01 21:00:00",NULL
"82","1","Binding Tape",NULL,NULL,,"130.00","170.00","0","Super Admin User",NULL,"1","2025-02-01 21:00:00",NULL
"83","1","Gift Tape Chmak",NULL,NULL,,"12.00","20.00","0","Super Admin User",NULL,"1","2025-02-01 21:00:00",NULL
"84","1","Glitter Pen 12-Pcs",NULL,NULL,"6841551804761","255.00","280.00","0","Super Admin User",NULL,"1","2025-02-01 21:00:00",NULL
"85","1","Ink Remover (ORO-505)",NULL,NULL,"736211116864","16.00","30.00","0","Super Admin User",NULL,"1","2025-02-01 21:00:00",NULL
"86","1","Ink Remover (Sany)",NULL,NULL,"8964001270874","16.00","30.00","0","Super Admin User",NULL,"1","2025-02-01 21:00:00",NULL
"87","1","Color Marker (Mercury)",NULL,NULL,"8964001269052","75.00","130.00","0","Super Admin User",NULL,"1","2025-02-01 21:00:00",NULL
"88","1","Calculator (Kidiz Kk-82MS)",NULL,NULL,"6925625456794","395.00","650.00","0","Super Admin User",NULL,"1","2025-02-01 21:00:00",NULL
"89","1","Calculator (Kenko-350-MS-1)",NULL,NULL,"6925625402883","395.00","650.00","0","Super Admin User",NULL,"1","2025-02-01 21:00:00",NULL
"90","1","Calculator (Kadio KD-350MS)",NULL,NULL,"6932177474756","395.00","650.00","0","Super Admin User",NULL,"1","2025-02-01 21:00:00",NULL
"91","1","Calculator (Kenko KK-350-MS-1)",NULL,NULL,"6925625416019","395.00","650.00","0","Super Admin User",NULL,"1","2025-02-01 21:00:00",NULL
"92","1","Glue Gun (Turbo)",NULL,NULL,"8994238002665","380.00","450.00","0","Super Admin User",NULL,"1","2025-02-01 21:00:00",NULL
"93","1","Glue Gun (Hot Melt)",NULL,NULL,"3708271986012","345.00","400.00","0","Super Admin User",NULL,"1","2025-02-01 21:00:00",NULL
"94","1","Glue Rod Thick",NULL,NULL,,"35.00","50.00","0","Super Admin User",NULL,"1","2025-02-01 21:00:00",NULL
"95","1","Glue Rod Thin",NULL,NULL,,"20.00","30.00","0","Super Admin User",NULL,"1","2025-02-01 21:00:00",NULL
"96","1","Water Color 16 (Kaidisi)",NULL,NULL,"6972799300163","145.00","200.00","0","Super Admin User",NULL,"1","2025-02-01 21:00:00",NULL
"97","1","Water Color 12 (Kaidisi)",NULL,NULL,"6972799300125","90.00","150.00","0","Super Admin User",NULL,"1","2025-02-01 21:00:00",NULL
"98","1","Ball Pen (Dollar BP-3 Ball Pen Red)",NULL,NULL,"695240209896","17.00","30.00","0","Super Admin User",NULL,"1","2025-02-01 21:00:00",NULL
"99","1","Ball Pen (Dollar BP-3 Ball Pen Black)",NULL,NULL,"695240209889","17.00","30.00","0","Super Admin User",NULL,"1","2025-02-01 21:00:00",NULL
"100","1","Ball Pen (Dollar BP-3 Ball Pen Blue)",NULL,NULL,"695240209872","17.00","30.00","0","Super Admin User",NULL,"1","2025-02-01 21:00:00",NULL
"101","1","Ball Pen (Dollar BP-3 Needle Blue)",NULL,NULL,"695240210298","17.00","30.00","56","Super Admin User",NULL,"1","2025-02-01 21:00:00","2025-06-13 04:33:57"
"102","1","Ball Pen (Dollar BP-3 Needle Black)",NULL,NULL,"695240210304","17.00","30.00","0","Super Admin User",NULL,"1","2025-02-01 21:00:00",NULL
"103","1","Ball Pen (Dollar BP-3 Needle Red)",NULL,NULL,"695240210311","17.00","30.00","0","Super Admin User",NULL,"1","2025-02-01 21:00:00",NULL
"104","1","Ball Pen (Dollar Clipper BP-1 Red)",NULL,NULL,"695240210144","17.00","30.00","0","Super Admin User",NULL,"1","2025-02-01 21:00:00",NULL
"105","1","Ball Pen (Dollar Clipper F-10 Blue)",NULL,NULL,"695240207250","17.00","30.00","0","Super Admin User",NULL,"1","2025-02-01 21:00:00",NULL
"106","1","Ball Pen (Dollar Clipper BP-1 Blue)",NULL,NULL,"695240210120","17.00","30.00","0","Super Admin User",NULL,"1","2025-02-01 21:00:00",NULL
"107","1","Ball Pen (Dollar Clipper BP-1 Black)",NULL,NULL,"695240210137","17.00","30.00","0","Super Admin User",NULL,"1","2025-02-01 21:00:00",NULL
"108","1","Ball Pen (Piano Mix)",NULL,NULL,"8961100472604","17.00","30.00","0","Super Admin User",NULL,"1","2025-02-01 21:00:00",NULL
"109","1","Gel Pen (Dallor GL-1 Red)",NULL,NULL,"695240210526","41.00","50.00","0","Super Admin User",NULL,"1","2025-02-01 21:00:00",NULL
"110","1","Gel Pen (Dallor GL-1 Blue)",NULL,NULL,"695240210502","41.00","50.00","0","Super Admin User",NULL,"1","2025-02-01 21:00:00",NULL
"111","1","Gel Pen (Dallor Jet Flow Red)",NULL,NULL,"695240211219","41.00","50.00","0","Super Admin User",NULL,"1","2025-02-01 21:00:00",NULL
"112","1","Gel Pen (Dallor Jet Flow Blue)",NULL,NULL,"695240210878","41.00","50.00","0","Super Admin User",NULL,"1","2025-02-01 21:00:00",NULL
"113","1","Colour Marker (Dollar Red)",NULL,NULL,"695240200732","17.00","20.00","0","Super Admin User",NULL,"1","2025-02-01 21:00:00",NULL
"114","1","Colour Marker (Dollar Black)",NULL,NULL,"695240200725","17.00","20.00","0","Super Admin User",NULL,"1","2025-02-01 21:00:00",NULL
"115","1","Colour Marker (Dollar Green)",NULL,NULL,"695240200749","17.00","20.00","0","Super Admin User",NULL,"1","2025-02-01 21:00:00",NULL
"116","1","Colour Marker (Dollar Blue)",NULL,NULL,"695240200718","15.50","20.00","0","Super Admin User",NULL,"1","2025-02-01 21:00:00","2025-04-12 04:54:34"
"117","1","Colour Marker (Econo Black)",NULL,NULL,"695240210250","13.00","20.00","0","Super Admin User",NULL,"1","2025-02-01 21:00:00",NULL
"118","1","Colour Marker (Dollar Econo Red)",NULL,NULL,"695240209612","13.00","20.00","0","Super Admin User",NULL,"1","2025-02-01 21:00:00",NULL
"119","1","Paint Marker (Uni Silver)",NULL,NULL,"4548351073619","90.00","100.00","0","Super Admin User",NULL,"1","2025-02-01 21:00:00",NULL
"120","1","Paint Marker (SP-110)",NULL,NULL,"6970323810416","90.00","100.00","0","Super Admin User",NULL,"1","2025-02-01 21:00:00",NULL
"121","1","Ink Paint Blue (Endorsing 32ml)",NULL,NULL,,"35.00","50.00","0","Super Admin User",NULL,"1","2025-02-01 21:00:00",NULL
"122","1","Glue Stic (Dollar 8 g)",NULL,NULL,"695240207946","51.00","80.00","0","Super Admin User",NULL,"1","2025-02-01 21:00:00",NULL
"123","1","Glue Stic (Dollar 20 g)",NULL,NULL,"695240202330","120.00","180.00","0","Super Admin User",NULL,"1","2025-02-01 21:00:00",NULL
"124","1","Glue Stic (Dollar 35 g)",NULL,NULL,"695240204044","145.00","250.00","0","Super Admin User",NULL,"1","2025-02-01 21:00:00",NULL
"125","1","Glue Stic (UHU 8.2 g)",NULL,NULL,"4026700378313","102.00","120.00","0","Super Admin User",NULL,"1","2025-02-01 21:00:00",NULL
"126","1","Glue Stic (UHU 21 ml)",NULL,NULL,"4113606112049","140.00","170.00","0","Super Admin User",NULL,"1","2025-02-01 21:00:00",NULL
"127","1","Glue Stic (UHU 60 ml)",NULL,NULL,"4113606112063","330.00","370.00","0","Super Admin User",NULL,"1","2025-02-01 21:00:00",NULL
"128","1","Glue Stic (UHU 125 ml)",NULL,NULL,"4113606112070","560.00","600.00","0","Super Admin User",NULL,"1","2025-02-01 21:00:00",NULL
"129","1","Marker (Dry Erase Black)",NULL,NULL,"695240209193","46.00","60.00","0","Super Admin User",NULL,"1","2025-02-01 21:00:00",NULL
"130","1","Marker (Dry Erase Red)",NULL,NULL,"695240209209","46.00","60.00","0","Super Admin User",NULL,"1","2025-02-01 21:00:00",NULL
"131","1","Marker (Dry Erase Blue)",NULL,NULL,"695240209179","46.00","60.00","0","Super Admin User",NULL,"1","2025-02-01 21:00:00",NULL
"132","1","Marker (Dry Erase Green)",NULL,NULL,"695240209216","46.00","60.00","0","Super Admin User",NULL,"1","2025-02-01 21:00:00",NULL
"133","1","Marker (Permanent Blue)",NULL,NULL,"695240208752","46.00","60.00","0","Super Admin User",NULL,"1","2025-02-01 21:00:00",NULL
"134","1","Marker (Permanent Black)",NULL,NULL,"695240208769","46.00","60.00","0","Super Admin User",NULL,"1","2025-02-01 21:00:00",NULL
"135","1","Marker (Permanent Green)",NULL,NULL,"695240208783","46.00","60.00","0","Super Admin User",NULL,"1","2025-02-01 21:00:00",NULL
"136","1","Marker (Permanent Red)",NULL,NULL,"695240208776","46.00","60.00","0","Super Admin User",NULL,"1","2025-02-01 21:00:00",NULL
"137","1","Ink Marker ( Dry Erase Black)",NULL,NULL,"695240209025","58.00","80.00","0","Super Admin User",NULL,"1","2025-02-01 21:00:00",NULL
"138","1","Ink Marker ( Dry Erase Blue)",NULL,NULL,"695240209018","58.00","80.00","0","Super Admin User",NULL,"1","2025-02-01 21:00:00",NULL
"139","1","Ink Marker ( Dry Erase Green)",NULL,NULL,"695240209049","58.00","80.00","0","Super Admin User",NULL,"1","2025-02-01 21:00:00",NULL
"140","1","Ink Marker ( Dry Erase Red)",NULL,NULL,"695240209032","58.00","80.00","0","Super Admin User",NULL,"1","2025-02-01 21:00:00",NULL
"141","1","Eraser (Kinder Er-003)",NULL,NULL,,"11.00","20.00","0","Super Admin User",NULL,"1","2025-02-01 21:00:00",NULL
"142","1","Eraser (Tick Er-001)",NULL,NULL,"9780202279640","10.00","20.00","0","Super Admin User",NULL,"1","2025-02-01 21:00:00",NULL
"143","1","Eraser (Tick Er-002)",NULL,NULL,"9780202173023","10.00","20.00","0","Super Admin User",NULL,"1","2025-02-01 21:00:00",NULL
"144","1","Eraser (Skark Fish E-870)",NULL,NULL,"9221351510289","5.00","10.00","0","Super Admin User",NULL,"1","2025-02-01 21:00:00",NULL
"145","1","Pencil Murcury Multi 7720",NULL,NULL,"8964002507153","20.00","30.00","0","Super Admin User",NULL,"1","2025-02-01 21:00:00",NULL
"146","1","Ink Pen Dollar Blue 30 ml.",NULL,NULL,"695240201579","42.00","60.00","0","Super Admin User",NULL,"1","2025-02-01 21:00:00",NULL
"147","1","Ink Pen Dollar Blue 60 ml.",NULL,NULL,"695240201616","54.00","80.00","0","Super Admin User",NULL,"1","2025-02-01 21:00:00",NULL
"148","1","Ink Pen Dollar Red 30 ml.",NULL,NULL,"695240201593","42.00","60.00","0","Super Admin User",NULL,"1","2025-02-01 21:00:00",NULL
"149","1","Ink Pen Dollar Red 60 ml.",NULL,NULL,"695240201630","54.00","80.00","0","Super Admin User",NULL,"1","2025-02-01 21:00:00",NULL
"150","1","Ink Pen Dollar Black 30 ml.",NULL,NULL,"695240201586","42.00","60.00","0","Super Admin User",NULL,"1","2025-02-01 21:00:00",NULL
"151","1","Ink Pen Dollar Black 60 ml.",NULL,NULL,"695240201623","54.00","80.00","0","Super Admin User",NULL,"1","2025-02-01 21:00:00",NULL
"152","1","Cotton Buds (Ear Cleaner)",NULL,NULL,"6920180301381","33.00","60.00","0","Super Admin User",NULL,"1","2025-02-01 21:00:00",NULL
"153","1","Artist Brushes",NULL,NULL,,"30.00","50.00","0","Super Admin User",NULL,"1","2025-02-01 21:00:00",NULL
"154","1","Pointer Doller(F-10 Blue)",NULL,NULL,"695240210342","24.00","30.00","0","Super Admin User",NULL,"1","2025-02-01 21:00:00",NULL
"155","1","Pointer Doller(F-10 Black)",NULL,NULL,"695240210359","24.00","30.00","0","Super Admin User",NULL,"1","2025-02-01 21:00:00",NULL
"156","1","Pointer Doller(F-10 Red)",NULL,NULL,"695240208684","24.00","30.00","0","Super Admin User",NULL,"1","2025-02-01 21:00:00",NULL
"157","4","Bottle (Head start Pink)",NULL,NULL,,"200.00","250.00","2","Super Admin User",NULL,"1","2025-02-01 21:00:00","2025-06-13 06:10:58"
"158","1","Wather Damper",NULL,NULL,,"50.00","60.00","0","Super Admin User",NULL,"1","2025-02-01 21:00:00",NULL
"159","1","Colour Crape paper (Double Fish-Big)",NULL,NULL,,"38.00","50.00","0","Super Admin User",NULL,"1","2025-02-01 21:00:00",NULL
"160","1","Colour Crape paper (Double Fish-Small)",NULL,NULL,,"35.00","50.00","0","Super Admin User",NULL,"1","2025-02-01 21:00:00",NULL
"161","1","Colour Paper  (Foamic Glitter)",NULL,NULL,,"30.00","50.00","0","Super Admin User",NULL,"1","2025-02-01 21:00:00",NULL
"162","1","Ink (Stamp Pad)",NULL,NULL,"2797825741215","45.00","50.00","0","Super Admin User",NULL,"1","2025-02-01 21:00:00",NULL
"163","1","Stamp Pad",NULL,NULL,"7872793928013","95.00","120.00","0","Super Admin User",NULL,"1","2025-02-01 21:00:00",NULL
"164","1","Lunch Box",NULL,NULL,,"130.00","170.00","0","Super Admin User",NULL,"1","2025-02-01 21:00:00",NULL
"165","3","Pouch (Crystal Jali)",NULL,NULL,,"35.00","50.00","0","Super Admin User",NULL,"1","2025-02-01 21:00:00",NULL
"166","1","Folder (Plastic Small)",NULL,NULL,"6951604200669","200.00","250.00","0","Super Admin User",NULL,"1","2025-02-01 21:00:00",NULL
"167","1","Folder (Plastic Big)",NULL,NULL,"6926871711316","210.00","280.00","0","Super Admin User",NULL,"1","2025-02-01 21:00:00",NULL
"168","1","File (Plastic)",NULL,NULL,,"35.00","50.00","0","Super Admin User",NULL,"1","2025-02-01 21:00:00",NULL
"169","1","Chart (Happy Birth day)",NULL,NULL,,"195.00","250.00","0","Super Admin User",NULL,"1","2025-02-01 21:00:00",NULL
"170","1","Baloons (Happy Birthday Foil)",NULL,NULL,,"195.00","250.00","0","Super Admin User",NULL,"1","2025-02-01 21:00:00",NULL
"171","2","Bag (Dori)",NULL,NULL,,"420.00","500.00","0","Super Admin User",NULL,"1","2025-02-01 21:00:00",NULL
"172","2","Bag (Gata)",NULL,NULL,,"130.00","200.00","0","Super Admin User",NULL,"1","2025-02-01 21:00:00",NULL
"173","2","Bag( Head start Black)",NULL,NULL,,"2135.00","1500.00","0","Super Admin User",NULL,"1","2025-02-01 21:00:00",NULL
"174","2","Bag( Head start Pink)",NULL,NULL,,"2135.00","1500.00","0","Super Admin User",NULL,"1","2025-02-01 21:00:00",NULL
"175","1","Hard Charts",NULL,NULL,,"23.00","50.00","0","Super Admin User",NULL,"1","2025-02-01 21:00:00",NULL
"176","5","Notebook English Enter Leaf",NULL,NULL,"EIL-0500","196.00","250.00","0","Super Admin User",NULL,"1","2025-02-01 21:00:00",NULL
"177","5","Notebook English 3 line Enter Leaf",NULL,NULL,,"196.00","250.00","0","Super Admin User",NULL,"1","2025-02-01 21:00:00",NULL
"178","5","Notebook English Broad Line Enter Leaf",NULL,NULL,,"196.00","250.00","0","Super Admin User",NULL,"1","2025-02-01 21:00:00",NULL
"179","5","Notebook English Broad 3 Line",NULL,NULL,,"196.00","250.00","0","Super Admin User",NULL,"1","2025-02-01 21:00:00",NULL
"180","5","Notebook English 4 Line",NULL,NULL,"E4L-250","297.00","250.00","0","Super Admin User",NULL,"1","2025-02-01 21:00:00","2025-04-19 22:50:56"
"181","5","Notebook English Narrow Line",NULL,NULL,,"196.00","250.00","0","Super Admin User",NULL,"1","2025-02-01 21:00:00",NULL
"182","5","Notebook Urdu Singel Line",NULL,NULL,"USL-0500","196.00","250.00","0","Super Admin User",NULL,"1","2025-02-01 21:00:00",NULL
"183","5","Notebook Small Box Math",NULL,NULL,"MSB-0124","196.00","250.00","0","Super Admin User",NULL,"1","2025-02-01 21:00:00",NULL
"184","5","Notebook Big Box Math",NULL,NULL,"MBB-0125","196.00","250.00","0","Super Admin User",NULL,"1","2025-02-01 21:00:00",NULL
"185","5","Notebook Design Math",NULL,NULL,,"128.00","200.00","0","Super Admin User",NULL,"1","2025-02-01 21:00:00",NULL
"186","5","Notebook Design English",NULL,NULL,,"128.00","200.00","0","Super Admin User",NULL,"1","2025-02-01 21:00:00",NULL
"187","5","Notebook Design Urdu",NULL,NULL,,"128.00","200.00","0","Super Admin User",NULL,"1","2025-02-01 21:00:00",NULL
"188","5","Notebook Prewriting Pad",NULL,NULL,,"130.00","200.00","0","Super Admin User",NULL,"1","2025-02-01 21:00:00",NULL
"189","5","Notebook Big Blocks Pad",NULL,NULL,"M1PAD-0129","145.00","200.00","0","Super Admin User",NULL,"1","2025-02-01 21:00:00",NULL
"190","5","Art Pad",NULL,NULL,"ART-0126","230.00","250.00","0","Super Admin User",NULL,"1","2025-02-01 21:00:00",NULL
"191","5","Home wrok Diary",NULL,NULL,"HWD-0127","168.00","200.00","0","Super Admin User",NULL,"1","2025-02-01 21:00:00",NULL
"192","5","Notebook Rigester Rough",NULL,NULL,,"297.00","300.00","0","Super Admin User",NULL,"1","2025-02-01 21:00:00",NULL
"193","5","Notebook Rigester Rough EMU Mix",NULL,NULL,,"151.00","200.00","0","Super Admin User",NULL,"1","2025-02-01 21:00:00",NULL
"194","6","Book English Pre primer M1",NULL,NULL,"9780190707644","604.50","780.00","0","Super Admin User",NULL,"1","2025-02-01 21:00:00","2025-04-11 23:39:08"
"195","6","Book New Countdown Stater M1",NULL,NULL,"9780190707583","348.75","450.00","0","Super Admin User",NULL,"1","2025-02-01 21:00:00","2025-04-11 23:40:26"
"197","7","Book English Primer (A) M2",NULL,NULL,"9780190707651","604.50","780.00","0","Super Admin User",NULL,"1","2025-02-01 21:00:00","2025-04-11 23:45:08"
"199","7","Book Countdown Primer(A) M2",NULL,NULL,"9780190707590","689.75","890.00","0","Super Admin User",NULL,"1","2025-02-01 21:00:00","2025-04-11 23:45:52"
"200","6","Book kalyan Pre Nursery M1",NULL,NULL,"9789697340378","538.63","695.00","0","Super Admin User",NULL,"1","2025-02-01 21:00:00","2025-04-11 23:41:58"
"201","7","Book Gulab Nursery M2",NULL,NULL,"9789697340385","538.63","695.00","0","Super Admin User",NULL,"1","2025-02-01 21:00:00","2025-04-11 23:46:58"
"202","7","Book Salaam  For Nursery M2",NULL,NULL,"9780199406425","348.75","450.00","0","Super Admin User",NULL,"1","2025-02-01 21:00:00","2025-04-11 23:47:37"
"203","8","Book Urdu Chambili Prep",NULL,NULL,"9780190704339","538.63","695.00","0","Super Admin User",NULL,"1","2025-02-01 21:00:00","2025-04-11 23:48:22"
"204","8","Book English Primer(B) Prep",NULL,NULL,"9780190707668","604.50","780.00","0","Super Admin User",NULL,"1","2025-02-01 21:00:00","2025-04-11 23:49:29"
"205","8","Book English Primer(B) work book Prep",NULL,NULL,"9780190708641","480.50","620.00","0","Super Admin User",NULL,"1","2025-02-01 21:00:00","2025-04-11 23:50:05"
"206","8","Book Countdown Primer(B) Prep",NULL,NULL,"9780190707606","689.75","890.00","0","Super Admin User",NULL,"1","2025-02-01 21:00:00","2025-04-11 23:50:46"
"207","9","Book Amazing world G1",NULL,NULL,"9780190707231","507.62","655.00","0","Super Admin User",NULL,"1","2025-02-01 21:00:00","2025-04-11 23:53:32"
"208","9","Book Computer Whiz G1",NULL,NULL,"9789697340682","518.70","665.00","0","Super Admin User",NULL,"1","2025-02-01 21:00:00",NULL
"209","9","Book Countdown G1",NULL,NULL,"9780190706807","771.13","995.00","0","Super Admin User",NULL,"1","2025-02-01 21:00:00","2025-04-11 23:55:28"
"210","9","Book New Oxford Modern English G1",NULL,NULL,"9780190706852","685.87","885.00","0","Super Admin User",NULL,"1","2025-02-01 21:00:00","2025-04-11 23:56:32"
"211","9","Book English Work Book G1",NULL,NULL,"9780190708320","499.87","645.00","0","Super Admin User",NULL,"1","2025-02-01 21:00:00","2025-04-11 23:57:08"
"212","9","Book Islamait G1",NULL,NULL,"9780190706463","453.37","585.00","0","Super Admin User",NULL,"1","2025-02-01 21:00:00","2025-04-11 23:57:53"
"213","9","Book Grammar Tree G1",NULL,NULL,"9780190700713","503.75","650.00","0","Super Admin User",NULL,"1","2025-02-01 21:00:00","2025-04-11 23:58:26"
"214","9","Book Science Factor Book G1",NULL,NULL,"9780199409518","771.13","995.00","0","Super Admin User",NULL,"1","2025-02-01 21:00:00","2025-04-19 22:52:54"
"215","9","Book Science Work Book G1",NULL,NULL,"9780199064212","418.50","540.00","0","Super Admin User",NULL,"1","2025-02-01 21:00:00","2025-04-11 23:59:23"
"216","9","Book Urdu Motia G1",NULL,NULL,"9780190704346","581.25","750.00","0","Super Admin User",NULL,"1","2025-02-01 21:00:00","2025-04-12 00:00:01"
"217","10","Book Amazing World G2",NULL,NULL,"9780190707248","507.63","655.00","0","Super Admin User",NULL,"1","2025-02-01 21:00:00","2025-04-12 00:01:21"
"218","10","Book Computer Whiz G2",NULL,NULL,"9780199400478","518.70","665.00","0","Super Admin User",NULL,"1","2025-02-01 21:00:00",NULL
"219","10","Book New Countdown G2",NULL,NULL,"9780190706814","771.12","995.00","0","Super Admin User",NULL,"1","2025-02-01 21:00:00","2025-04-12 00:02:10"
"220","10","Book Oxford Modren English Book G2",NULL,NULL,"9780190706869","685.87","885.00","0","Super Admin User",NULL,"1","2025-02-01 21:00:00","2025-04-12 00:03:03"
"221","10","Book English Work Book G2",NULL,NULL,"9780190708337","499.87","645.00","0","Super Admin User",NULL,"1","2025-02-01 21:00:00","2025-04-12 00:03:58"
"222","10","Book Islamiat G2",NULL,NULL,"9780190706470","453.38","585.00","0","Super Admin User",NULL,"1","2025-02-01 21:00:00","2025-04-23 22:29:44"
"223","10","Book Grammer Tree G2",NULL,NULL,"9780190700720","542.50","700.00","0","Super Admin User",NULL,"1","2025-02-01 21:00:00","2025-04-12 00:04:45"
"224","10","Book Science Factor Book G2",NULL,NULL,"9780199064239","771.12","995.00","0","Super Admin User",NULL,"1","2025-02-01 21:00:00","2025-04-12 00:11:09"
"225","10","Book Science Work Book G2",NULL,NULL,"9780199064229","418.50","540.00","0","Super Admin User",NULL,"1","2025-02-01 21:00:00","2025-04-12 00:11:39"
"226","10","Book Urdu Gainda G2",NULL,NULL,"9780190704353","581.25","750.00","0","Super Admin User",NULL,"1","2025-02-01 21:00:00","2025-04-12 00:12:18"
"227","11","Book Amazing World G3",NULL,NULL,"9780190707255","507.63","655.00","0","Super Admin User",NULL,"1","2025-02-01 21:00:00","2025-04-12 00:13:33"
"228","11","Book Computer Whiz G3",NULL,NULL,"9789697340705","518.70","665.00","0","Super Admin User",NULL,"1","2025-02-01 21:00:00",NULL
"229","11","Book Countdown G3",NULL,NULL,"9780190706821","771.13","995.00","0","Super Admin User",NULL,"1","2025-02-01 21:00:00","2025-04-12 00:14:51"
"230","11","Book Oxford  Modren English Book G3",NULL,NULL,"9780190706876","693.63","895.00","0","Super Admin User",NULL,"1","2025-02-01 21:00:00","2025-04-12 00:15:21"
"231","11","Book English Work Book G3",NULL,NULL,"9780190708344","499.88","645.00","0","Super Admin User",NULL,"1","2025-02-01 21:00:00","2025-04-12 00:15:44"
"232","11","Book Islamiat G3",NULL,NULL,"9780190706487","453.38","585.00","0","Super Admin User",NULL,"1","2025-02-01 21:00:00","2025-04-23 22:17:57"
"233","11","Book Grammer Tree G3",NULL,NULL,"9780190700737","561.88","725.00","0","Super Admin User",NULL,"1","2025-02-01 21:00:00","2025-04-16 03:17:55"
"234","11","Book Science factor book G3",NULL,NULL,"9780199409532","844.75","1090.00","0","Super Admin User",NULL,"1","2025-02-01 21:00:00","2025-04-19 22:54:17"
"235","11","Book Science Work Book G3",NULL,NULL,"9780199064236","418.50","540.00","0","Super Admin User",NULL,"1","2025-02-01 21:00:00","2025-04-12 00:16:22"
"236","11","Book Sada Bahar Urdu G3",NULL,NULL,"9789697340422","589.00","760.00","0","Super Admin User",NULL,"1","2025-02-01 21:00:00","2025-04-12 00:16:45"
"237","12","BOOK COMPUTER WHIZ G4",NULL,NULL,"9789697340712","515.38","665.00","0","Super Admin User",NULL,"1","2025-02-01 21:00:00","2025-04-12 00:17:41"
"238","12","BOOK COUNTDOWN G4",NULL,NULL,"9780190706838","771.13","995.00","0","Super Admin User",NULL,"1","2025-02-01 21:00:00","2025-04-12 00:17:59"
"239","12","BOOK SOCIAL STUDIES G4",NULL,NULL,"9780190708986","713.70","920.00","0","Super Admin User",NULL,"1","2025-02-01 21:00:00","2025-04-12 00:18:41"
"240","12","BOOK OXFORD MODREN ENGLISH G4",NULL,NULL,"9780190706883","693.63","895.00","0","Super Admin User",NULL,"1","2025-02-01 21:00:00","2025-04-12 00:19:00"
"241","12","BOOK ENGLISH WORK BOOK G4",NULL,NULL,"9780190708351","499.88","645.00","0","Super Admin User",NULL,"1","2025-02-01 21:00:00","2025-04-15 02:55:58"
"242","12","BOOK GRAMMER TREE G4",NULL,NULL,"9780190700744","573.50","740.00","0","Super Admin User",NULL,"1","2025-02-01 21:00:00","2025-04-15 03:04:06"
"243","12","BOOK NEW OXFORD PRIMARY SCIENCE G4",NULL,NULL,"9780190706937","716.88","925.00","0","Super Admin User",NULL,"1","2025-02-01 21:00:00","2025-04-12 00:20:40"
"244","12","BOOK URDU NARGIS G4",NULL,NULL,"9780190704377","616.13","795.00","0","Super Admin User",NULL,"1","2025-02-01 21:00:00","2025-04-12 00:21:05"
"245","12","BOOK ISLAMAIT G4",NULL,NULL,"9780190706494","465.00","600.00","0","Super Admin User",NULL,"1","2025-02-01 21:00:00","2025-04-12 00:21:34"
"246","13","BOOK COMPUTER WHIZ G5",NULL,NULL,"9789697340729","518.70","665.00","0","Super Admin User",NULL,"1","2025-02-01 21:00:00",NULL
"247","13","BOOK COUNTDOWN G5",NULL,NULL,"9780190706845","771.13","995.00","0","Super Admin User",NULL,"1","2025-02-01 21:00:00","2025-04-12 00:21:58"
"248","13","BOOK SOCIAL STUDY G5",NULL,NULL,"9780190706999","713.00","920.00","0","Super Admin User",NULL,"1","2025-02-01 21:00:00","2025-04-12 00:22:22"
"249","13","BOOK OXFORD ENGLISH BOOK G5",NULL,NULL,"9780190706890","693.63","895.00","0","Super Admin User",NULL,"1","2025-02-01 21:00:00","2025-04-12 00:22:41"
"250","13","BOOK ENGLISH WORK BOOK G5",NULL,NULL,"9780190708368","499.88","645.00","0","Super Admin User",NULL,"1","2025-02-01 21:00:00","2025-04-12 00:23:01"
"251","13","BOOK ISLAMIAT G5",NULL,NULL,"9780190706500","465.00","600.00","0","Super Admin User",NULL,"1","2025-02-01 21:00:00","2025-04-12 00:23:21"
"252","13","BOOK GRAMMER TREE G5",NULL,NULL,"9780190700751","589.00","760.00","0","Super Admin User",NULL,"1","2025-02-01 21:00:00","2025-04-12 00:23:47"
"253","13","BOOK GUL LALA URDU G5",NULL,NULL,"9780190704384","643.25","830.00","6","Super Admin User",NULL,"1","2025-02-01 21:00:00","2025-06-13 05:07:44"
"254","13","BOOK NEW OXFORD PRIMARY SCIENCE G5",NULL,NULL,"9780190706944","736.25","950.00","0","Super Admin User",NULL,"1","2025-02-01 21:00:00","2025-04-12 00:24:48"
"255","14","BOOK KEYBORAD COMPUTER G6",NULL,NULL,"9789697341870","782.75","1010.00","0","Super Admin User",NULL,"1","2025-02-01 21:00:00","2025-04-12 00:25:52"
"256","14","BOOK COUNTDOWN G6",NULL,NULL,"9789697342655","813.75","1050.00","0","Super Admin User",NULL,"1","2025-02-01 21:00:00","2025-04-12 00:26:19"
"257","14","BOOK OXFORD MODREN ENGLISH G6",NULL,NULL,"9789697342983","771.13","995.00","0","Super Admin User",NULL,"1","2025-02-01 21:00:00","2025-04-12 00:26:40"
"258","14","BOOK OXFORD ENGLISG WORK BOOK G6",NULL,NULL,"9789697343010","503.75","650.00","0","Super Admin User",NULL,"1","2025-02-01 21:00:00","2025-04-12 00:27:01"
"259","14","BOOK NEW OXFORD SECONDARY SCIENCE G6",NULL,NULL,"9789697340033","922.25","1190.00","0","Super Admin User",NULL,"1","2025-02-01 21:00:00","2025-04-12 00:27:21"
"260","14","BOOK ISLAMAIT G6",NULL,NULL,"9789697342372","534.75","690.00","0","Super Admin User",NULL,"1","2025-02-01 21:00:00","2025-04-23 22:01:35"
"261","14","BOOK SECONDARY GEO GRAPHY G6",NULL,NULL,"9789697343164","465.00","600.00","0","Super Admin User",NULL,"1","2025-02-01 21:00:00","2025-04-12 00:28:20"
"262","14","BOOK HISTORY G6",NULL,NULL,"9780190703448","465.00","600.00","0","Super Admin User",NULL,"1","2025-02-01 21:00:00","2025-04-12 00:28:44"
"263","14","BOOK URDU (CHAMPA) G6",NULL,NULL,"9789697342808","635.50","820.00","0","Super Admin User",NULL,"1","2025-02-01 21:00:00","2025-04-12 00:29:08"
"264","14","BOOK GRAMMER TREE G6",NULL,NULL,"9780190700768","635.50","820.00","0","Super Admin User",NULL,"1","2025-02-01 21:00:00","2025-04-12 00:29:29"
"265","15","BOOK  KEYBOARD COMPUTER G7",NULL,NULL,"9789697341887","782.75","1010.00","0","Super Admin User",NULL,"1","2025-02-01 21:00:00","2025-04-12 00:30:05"
"266","15","BOOK COUNTDOWN G7",NULL,NULL,"9789697342662","813.75","1050.00","0","Super Admin User",NULL,"1","2025-02-01 21:00:00","2025-04-12 00:30:22"
"267","15","BOOK OXFORD MODREN ENGLISH BOOK G7",NULL,NULL,"9789697342990","771.13","995.00","0","Super Admin User",NULL,"1","2025-02-01 21:00:00","2025-04-12 00:30:41"
"268","15","BOOK ENGLISH WORK BOOK G7",NULL,NULL,"9789697343027","503.75","650.00","0","Super Admin User",NULL,"1","2025-02-01 21:00:00","2025-04-12 00:31:02"
"269","15","BOOK NEW OXFORD SECONDARY SCIENCE G7",NULL,NULL,"9789697340040","922.25","1190.00","0","Super Admin User",NULL,"1","2025-02-01 21:00:00","2025-04-12 00:31:18"
"270","15","BOOK ISLAMIAT G7",NULL,NULL,"9789697342389","682.00","880.00","0","Super Admin User",NULL,"1","2025-02-01 21:00:00","2025-04-23 21:27:54"
"271","15","BOOK GEO GRAPHY G7",NULL,NULL,"9789697343171","484.38","625.00","0","Super Admin User",NULL,"1","2025-02-01 21:00:00","2025-04-12 00:31:46"
"272","15","BOOK HISTORY G7",NULL,NULL,"9780190703455","484.38","625.00","0","Super Admin User",NULL,"1","2025-02-01 21:00:00","2025-04-12 00:32:01"
"273","15","BOOK GRAMMER TREE G7",NULL,NULL,"9780190700775","658.75","850.00","0","Super Admin User",NULL,"1","2025-02-01 21:00:00","2025-04-12 00:32:22"
"274","15","BOOK SUREJ MUKHI G7",NULL,NULL,"9789697342815","654.88","845.00","0","Super Admin User",NULL,"1","2025-02-01 21:00:00","2025-04-12 00:32:39"
"275","16","BOOK KEYBOARD COMPUTE G8",NULL,NULL,"9789697341894","887.38","1145.00","0","Super Admin User",NULL,"1","2025-02-01 21:00:00","2025-04-12 00:33:09"
"276","16","BOOK NEW COUNTDOWN G8",NULL,NULL,"9789697342679","813.75","1050.00","1","Super Admin User",NULL,"1","2025-02-01 21:00:00","2025-06-13 05:07:44"
"277","16","BOOK OXFORD MODREN ENGLISH G8",NULL,NULL,"9789697343003","775.00","1000.00","0","Super Admin User",NULL,"1","2025-02-01 21:00:00","2025-04-12 00:35:14"
"278","16","BOOK ENGLISH WORK BOOK G8",NULL,NULL,"9789697343034","503.75","650.00","0","Super Admin User",NULL,"1","2025-02-01 21:00:00","2025-04-12 00:35:39"
"279","16","BOOK NEW OXFORD SECONDARY SCIENCE G8",NULL,NULL,"9789697340057","922.25","1190.00","0","Super Admin User",NULL,"1","2025-02-01 21:00:00","2025-04-12 00:36:23"
"280","16","BOOK ISLAMAIT G8",NULL,NULL,"9789697342396","616.13","795.00","0","Super Admin User",NULL,"1","2025-02-01 21:00:00","2025-04-23 21:21:37"
"281","16","BOOK GEO GRAPHY G8",NULL,NULL,"9789697343188","542.50","700.00","0","Super Admin User",NULL,"1","2025-02-01 21:00:00","2025-04-12 00:36:49"
"282","16","BOOK SECONDARY HISTORY G8",NULL,NULL,"9780190703462","542.50","700.00","0","Super Admin User",NULL,"1","2025-02-01 21:00:00","2025-04-12 00:37:16"
"283","16","BOOK GRAMMER TREE G8",NULL,NULL,"9780190700782","674.25","870.00","0","Super Admin User",NULL,"1","2025-02-01 21:00:00","2025-04-12 00:37:59"
"284","16","BOOK URDU (KANWEL) G8",NULL,NULL,"9789697342822","654.88","845.00","0","Super Admin User",NULL,"1","2025-02-01 21:00:00","2025-04-12 00:40:40"
"285","17","Hoodi No.22",NULL,NULL,,"1170.00","1500.00","0","Super Admin User",NULL,"1","2025-02-01 21:00:00",NULL
"286","17","Hoodi No.24",NULL,NULL,,"1370.00","1550.00","0","Super Admin User",NULL,"1","2025-02-01 21:00:00",NULL
"287","17","Zipper No.24",NULL,NULL,,"1370.00","1500.00","0","Super Admin User",NULL,"1","2025-02-01 21:00:00",NULL
"288","17","Zipper No.26",NULL,NULL,,"1370.00","1500.00","0","Super Admin User",NULL,"1","2025-02-01 21:00:00",NULL
"289","17","Zipper No.28",NULL,NULL,,"1370.00","1500.00","0","Super Admin User",NULL,"1","2025-02-01 21:00:00",NULL
"290","17","Zipper No.30",NULL,NULL,,"1370.00","1600.00","0","Super Admin User",NULL,"1","2025-02-01 21:00:00",NULL
"291","17","Zipper No.32",NULL,NULL,,"1370.00","1600.00","0","Super Admin User",NULL,"1","2025-02-01 21:00:00",NULL
"292","17","Zipper No.34",NULL,NULL,,"1370.00","1600.00","0","Super Admin User",NULL,"1","2025-02-01 21:00:00",NULL
"293","17","Zipper No.36",NULL,NULL,,"1370.00","1600.00","0","Super Admin User",NULL,"1","2025-02-01 21:00:00",NULL
"294","17","Zipper No.38",,NULL,,"1370.00","1600.00","0","1","1","1","2025-02-01 21:00:00","2025-06-13 01:02:47"
"295","17","Serater Full No.22",NULL,NULL,,"900.00","1200.00","0","Super Admin User",NULL,"1","2025-02-01 21:00:00",NULL
"296","17","Serater Full No.24",NULL,NULL,,"950.00","1200.00","0","Super Admin User",NULL,"1","2025-02-01 21:00:00",NULL
"297","17","Serater Full No.26",NULL,NULL,,"950.00","1200.00","0","Super Admin User",NULL,"1","2025-02-01 21:00:00",NULL
"298","17","Serater Full No.28",NULL,NULL,,"950.00","1200.00","0","Super Admin User",NULL,"1","2025-02-01 21:00:00",NULL
"299","17","Serater Full No.30",NULL,NULL,,"1050.00","1250.00","0","Super Admin User",NULL,"1","2025-02-01 21:00:00",NULL
"300","17","Serater Full No.32",NULL,NULL,,"1050.00","1250.00","0","Super Admin User",NULL,"1","2025-02-01 21:00:00",NULL
"301","17","Serater Full No.34",NULL,NULL,,"1200.00","1450.00","0","Super Admin User",NULL,"1","2025-02-01 21:00:00",NULL
"302","17","Serater Full No.36",NULL,NULL,,"1200.00","1450.00","0","Super Admin User",NULL,"1","2025-02-01 21:00:00",NULL
"303","17","Serater Full No.38",NULL,NULL,,"1300.00","1550.00","0","Super Admin User",NULL,"1","2025-02-01 21:00:00",NULL
"304","17","Serater Half No.22",NULL,NULL,,"750.00","900.00","0","Super Admin User",NULL,"1","2025-02-01 21:00:00",NULL
"305","17","Serater Half No.24",NULL,NULL,,"800.00","1000.00","0","Super Admin User",NULL,"1","2025-02-01 21:00:00",NULL
"306","17","Serater Half No.26",NULL,NULL,,"800.00","1000.00","0","Super Admin User",NULL,"1","2025-02-01 21:00:00",NULL
"307","17","Serater Half No.28",NULL,NULL,,"800.00","1000.00","0","Super Admin User",NULL,"1","2025-02-01 21:00:00",NULL
"308","17","Serater Half No.30",NULL,NULL,,"900.00","1100.00","0","Super Admin User",NULL,"1","2025-02-01 21:00:00",NULL
"309","17","Serater Half No.32",NULL,NULL,,"900.00","1100.00","0","Super Admin User",NULL,"1","2025-02-01 21:00:00",NULL
"310","17","Serater Half No.34",NULL,NULL,,"1000.00","1200.00","0","Super Admin User",NULL,"1","2025-02-01 21:00:00",NULL
"311","17","Serater Half No.36",NULL,NULL,,"1000.00","1200.00","0","Super Admin User",NULL,"1","2025-02-01 21:00:00",NULL
"312","17","Serater Half No.38",NULL,NULL,,"1100.00","1350.00","0","Super Admin User",NULL,"1","2025-02-01 21:00:00",NULL
"313","17","Track Suit No.18",NULL,NULL,,"0.00","2700.00","0","Super Admin User",NULL,"1","2025-02-01 21:00:00",NULL
"314","17","Track Suit No.20",NULL,NULL,,"0.00","2700.00","0","Super Admin User",NULL,"1","2025-02-01 21:00:00",NULL
"315","17","Track Suit No.22",NULL,NULL,,"0.00","2700.00","0","Super Admin User",NULL,"1","2025-02-01 21:00:00",NULL
"316","17","Track Suit No.24",NULL,NULL,,"2720.00","3000.00","0","Super Admin User",NULL,"1","2025-02-01 21:00:00",NULL
"317","17","Track Suit No.26",NULL,NULL,,"2720.00","3000.00","0","Super Admin User",NULL,"1","2025-02-01 21:00:00",NULL
"318","17","Track Suit No.28",NULL,NULL,,"2720.00","3000.00","0","Super Admin User",NULL,"1","2025-02-01 21:00:00",NULL
"319","17","Track Suit No.30",NULL,NULL,,"2720.00","3000.00","0","Super Admin User",NULL,"1","2025-02-01 21:00:00",NULL
"320","17","Track Suit No.32",NULL,NULL,,"2720.00","3000.00","0","Super Admin User",NULL,"1","2025-02-01 21:00:00",NULL
"321","17","Track Suit No.34",NULL,NULL,,"2970.00","3200.00","0","Super Admin User",NULL,"1","2025-02-01 21:00:00",NULL
"322","17","Track Suit No.36",NULL,NULL,,"2970.00","3200.00","0","Super Admin User",NULL,"1","2025-02-01 21:00:00",NULL
"323","17","Shirts Boys (Small)",NULL,NULL,"7861025541205","800.00","1200.00","0","Super Admin User",NULL,"1","2025-02-01 21:00:00",NULL
"324","17","Shirts Boys (Medium)",NULL,NULL,"7861025551204","700.00","1000.00","0","Super Admin User",NULL,"1","2025-02-01 21:00:00",NULL
"325","17","Shirts Boys (Large)",NULL,NULL,"7861025531206","700.00","1000.00","0","Super Admin User",NULL,"1","2025-02-01 21:00:00",NULL
"326","17","Shirts Boys (24 No)",NULL,NULL,,"550.00","900.00","0","Super Admin User",NULL,"1","2025-02-01 21:00:00","2025-04-23 23:29:32"
"327","17","Shirts Boys (30 No)",NULL,NULL,"1200012510002","500.00","1000.00","0","Super Admin User",NULL,"1","2025-02-01 21:00:00",NULL
"328","17","Shirts Boys (32 No)",NULL,NULL,,"600.00","1200.00","0","Super Admin User",NULL,"1","2025-02-01 21:00:00",NULL
"329","17","Shirts Boys (26 No)",NULL,NULL,,"500.00","1000.00","0","Super Admin User",NULL,"1","2025-02-01 21:00:00",NULL
"330","17","Shirts Boys (18 No)",NULL,NULL,"1000090020000","500.00","1000.00","0","Super Admin User",NULL,"1","2025-02-01 21:00:00",NULL
"331","17","Shirts Boys (22 No)",NULL,NULL,"1000090030009","500.00","1000.00","0","Super Admin User",NULL,"1","2025-02-01 21:00:00","2025-04-25 20:28:38"
"332","17","Shirts Boys (36 No)",NULL,NULL,,"600.00","1200.00","0","Super Admin User",NULL,"1","2025-02-01 21:00:00",NULL
"333","17","Shirts Boys (38 No)",NULL,NULL,"1000038100016","600.00","1200.00","0","Super Admin User",NULL,"1","2025-02-01 21:00:00",NULL
"334","17","Shirts Boys (34 No)",NULL,NULL,"1000034100034","600.00","1200.00","0","Super Admin User",NULL,"1","2025-02-01 21:00:00",NULL
"335","17","Shirts Boys (20 No)",NULL,NULL,,"500.00","1000.00","0","Super Admin User",NULL,"1","2025-02-01 21:00:00",NULL
"336","17","Shirts Boys (28 No)",NULL,NULL,"1000090020001","600.00","1200.00","0","Super Admin User",NULL,"1","2025-02-01 21:00:00",NULL
"337","17","Girls Uniform (36 No)",NULL,NULL,,"1350.00","2200.00","0","Super Admin User",NULL,"1","2025-02-01 21:00:00",NULL
"338","17","Girls Uniform (38 No)",NULL,NULL,,"1800.00","2300.00","0","Super Admin User",NULL,"1","2025-02-01 21:00:00",NULL
"339","17","Girls Uniform (30 No)",NULL,NULL,,"1350.00","2200.00","0","Super Admin User",NULL,"1","2025-02-01 21:00:00",NULL
"340","17","Girls Uniform (32 No)",NULL,NULL,,"1050.00","2200.00","0","Super Admin User",NULL,"1","2025-02-01 21:00:00",NULL
"341","17","Girls Uniform (42 No)",NULL,NULL,"1000012322017","1900.00","2200.00","0","Super Admin User",NULL,"1","2025-02-01 21:00:00",NULL
"342","17","Girls Uniform (Special Size)",NULL,NULL,"1000012324001","2000.00","2500.00","0","Super Admin User",NULL,"1","2025-02-01 21:00:00",NULL
"343","17","Girls Uniform (40 No)",NULL,NULL,"1000012322007","1900.00","2500.00","0","Super Admin User",NULL,"1","2025-02-01 21:00:00",NULL
"344","17","Girls Uniform (34 No)",NULL,NULL,"1000012320003","1350.00","2200.00","0","Super Admin User",NULL,"1","2025-02-01 21:00:00",NULL
"345","17","Girls Uniform (20 No)",NULL,NULL,,"900.00","2000.00","0","Super Admin User",NULL,"1","2025-02-01 21:00:00",NULL
"346","17","Girls Uniform (22 No)",NULL,NULL,,"900.00","2000.00","0","Super Admin User",NULL,"1","2025-02-01 21:00:00",NULL
"347","17","Girls Uniform (24 No)",NULL,NULL,,"1000.00","2000.00","0","Super Admin User",NULL,"1","2025-02-01 21:00:00",NULL
"348","17","Girls Uniform (26 No)",NULL,NULL,,"1200.00","2000.00","0","Super Admin User",NULL,"1","2025-02-01 21:00:00",NULL
"349","17","Girls Uniform (28 No)",NULL,NULL,"1000090010001","1350.00","2000.00","0","Super Admin User",NULL,"1","2025-02-01 21:00:00",NULL
"350","17","Girls Shirt  (30 No) Without Logo",NULL,NULL,,"0.00","1000.00","0","Super Admin User",NULL,"1","2025-02-01 21:00:00",NULL
"351","17","Girls Shirt  (32 No) Without Logo",NULL,NULL,,"0.00","1000.00","0","Super Admin User",NULL,"1","2025-02-01 21:00:00",NULL
"352","17","Girls Shirt  (34 No) Without Logo",NULL,NULL,,"0.00","1000.00","0","Super Admin User",NULL,"1","2025-02-01 21:00:00",NULL
"353","17","Girls Shirt  (36 No) Without Logo",NULL,NULL,,"0.00","1000.00","0","Super Admin User",NULL,"1","2025-02-01 21:00:00",NULL
"354","17","Girls Shirt  (40 No) Without Logo",NULL,NULL,,"0.00","1000.00","0","Super Admin User",NULL,"1","2025-02-01 21:00:00",NULL
"355","17","Girls Shirt  (46 No) Without Logo",NULL,NULL,,"0.00","1000.00","0","Super Admin User",NULL,"1","2025-02-01 21:00:00",NULL
"356","17","Paint Boys (24 No)",NULL,NULL,,"750.00","1200.00","0","Super Admin User",NULL,"1","2025-02-01 21:00:00",NULL
"357","17","Paint Boys (22 No)",NULL,NULL,"1177960029002","750.00","1200.00","0","Super Admin User",NULL,"1","2025-02-01 21:00:00",NULL
"358","17","Paint Boys (28 No)",NULL,NULL,"1000090012319","750.00","1200.00","0","Super Admin User",NULL,"1","2025-02-01 21:00:00",NULL
"359","17","Paint Boys (30 No)",NULL,NULL,"1177960001306","850.00","1200.00","0","Super Admin User",NULL,"1","2025-02-01 21:00:00",NULL
"360","17","Paint Boys (32 No)",NULL,NULL,"1000032112008","850.00","1200.00","0","Super Admin User",NULL,"1","2025-02-01 21:00:00",NULL
"361","17","Paint Boys (34 No)",NULL,NULL,"1234560012008","850.00","1200.00","0","Super Admin User",NULL,"1","2025-02-01 21:00:00",NULL
"362","17","Paint Boys (36 No)",NULL,NULL,"1177960001206","850.00","1200.00","0","Super Admin User",NULL,"1","2025-02-01 21:00:00",NULL
"363","17","Paint Boys (38 No)",NULL,NULL,,"850.00","1200.00","0","Super Admin User",NULL,"1","2025-02-01 21:00:00",NULL
"364","17","Paint Waist Boys (30 No)",NULL,NULL,,"1150.00","1400.00","0","Super Admin User",NULL,"1","2025-02-01 21:00:00",NULL
"365","17","Paint Waist Boys (28 No)",NULL,NULL,,"1150.00","1400.00","0","Super Admin User",NULL,"1","2025-02-01 21:00:00",NULL
"366","17","Paint Waist Boys (34 No)",NULL,NULL,,"1150.00","1400.00","0","Super Admin User",NULL,"1","2025-02-01 21:00:00",NULL
"367","17","Paint Waist Boys (36 No)",NULL,NULL,,"1150.00","1400.00","0","Super Admin User",NULL,"1","2025-02-01 21:00:00",NULL
"368","17","Paint Waist Boys (38 No)",NULL,NULL,"1177960001404","1150.00","1400.00","0","Super Admin User",NULL,"1","2025-02-01 21:00:00",NULL
"369","17","Paint Waist Boys (40 No)",NULL,NULL,,"1150.00","1400.00","0","Super Admin User",NULL,"1","2025-02-01 21:00:00",NULL
"370","17","Paint Waist Boys (42 No)",NULL,NULL,,"1150.00","1400.00","0","Super Admin User",NULL,"1","2025-02-01 21:00:00",NULL
"371","17","Girls Trouser Small",NULL,NULL,,"0.00","800.00","0","Super Admin User",NULL,"1","2025-02-01 21:00:00",NULL
"372","17","Girls Trouser Lagre",NULL,NULL,,"0.00","1000.00","0","Super Admin User",NULL,"1","2025-02-01 21:00:00",NULL
"373","17","Slaches",NULL,NULL,,"100.00","150.00","0","Super Admin User",NULL,"1","2025-02-01 21:00:00",NULL
"374","17","Dupata",NULL,NULL,,"500.00","550.00","2","Super Admin User",NULL,"1","2025-02-01 21:00:00","2025-06-13 06:10:58"
"375","17","Logo BGS",NULL,NULL,,"80.00","100.00","0","Super Admin User",NULL,"1","2025-02-01 21:00:00",NULL
"376","17","Belt No 30",NULL,NULL,,"70.00","150.00","0","Super Admin User",NULL,"1","2025-02-01 21:00:00",NULL
"377","17","Belt No 32",NULL,NULL,,"70.00","190.00","0","Super Admin User",NULL,"1","2025-02-01 21:00:00",NULL
"378","17","Belt No 34",NULL,NULL,,"70.00","190.00","0","Super Admin User",NULL,"1","2025-02-01 21:00:00",NULL
"379","17","Belt No 36",NULL,NULL,,"70.00","210.00","0","Super Admin User",NULL,"1","2025-02-01 21:00:00",NULL
"380","17","Belt No 40",NULL,NULL,,"70.00","210.00","0","Super Admin User",NULL,"1","2025-02-01 21:00:00",NULL
"381","17","BGS Cap (Small)",NULL,NULL,,"250.00","300.00","0","Super Admin User",NULL,"1","2025-02-01 21:00:00",NULL
"382","17","BGS Cap (Medium)",NULL,NULL,,"250.00","300.00","0","Super Admin User",NULL,"1","2025-02-01 21:00:00",NULL
"383","17","BGS Cap (Lagre)",NULL,NULL,,"250.00","300.00","0","Super Admin User",NULL,"1","2025-02-01 21:00:00",NULL
"384","5","Worksheet M1 English",NULL,NULL,"Eng M1 WS","430.00","450.00","0","Super Admin User",NULL,"1","2025-02-01 21:00:00",NULL
"385","5","Worksheet M1 Math",NULL,NULL,"MAT M1 WS","394.00","420.00","0","Super Admin User",NULL,"1","2025-02-01 21:00:00",NULL
"386","5","Worksheet M1 GK",NULL,NULL,"GK M1 WS","168.00","200.00","0","Super Admin User",NULL,"1","2025-02-01 21:00:00",NULL
"387","5","Worksheet M2 English",NULL,NULL,"Eng M2 WS","645.00","670.00","0","Super Admin User",NULL,"1","2025-02-01 21:00:00",NULL
"388","5","Worksheet M2 Math",NULL,NULL,"MAT M2 WS","550.00","600.00","0","Super Admin User",NULL,"1","2025-02-01 21:00:00",NULL
"389","5","Worksheet M2 GK",NULL,NULL,"GK M2 WS","265.00","300.00","0","Super Admin User",NULL,"1","2025-02-01 21:00:00",NULL
"390","5","Worksheet M2 Urdu",NULL,NULL,"UR M2 WS","396.00","420.00","0","Super Admin User",NULL,"1","2025-02-01 21:00:00",NULL
"391","5","Worksheet G2 Urdu",NULL,NULL,,"160.00","180.00","0","Super Admin User",NULL,"1","2025-02-01 21:00:00",NULL
"392","5","Worksheet G2 English",NULL,NULL,,"167.00","180.00","0","Super Admin User",NULL,"1","2025-02-01 21:00:00",NULL
"393","5","Worksheet G2 Computer",NULL,NULL,,"115.00","140.00","0","Super Admin User",NULL,"1","2025-02-01 21:00:00",NULL
"394","5","Worksheet G2 Islamyat",NULL,NULL,,"372.00","400.00","0","Super Admin User",NULL,"1","2025-02-01 21:00:00",NULL
"395","5","Worksheet G2 Amazing World",NULL,NULL,,"333.00","350.00","0","Super Admin User",NULL,"1","2025-02-01 21:00:00",NULL
"396","5","Worksheet G2 Science",NULL,NULL,,"996.00","1000.00","0","Super Admin User",NULL,"1","2025-02-01 21:00:00",NULL
"397","5","Worksheet G2 Math",NULL,NULL,,"1230.00","1200.00","0","Super Admin User",NULL,"1","2025-02-01 21:00:00",NULL
"398","5","Worksheet G3 Urdu",NULL,NULL,,"167.00","180.00","0","Super Admin User",NULL,"1","2025-02-01 21:00:00",NULL
"399","5","Worksheet G3 English",NULL,NULL,,"192.00","200.00","0","Super Admin User",NULL,"1","2025-02-01 21:00:00",NULL
"400","5","Worksheet G3 Computer",NULL,NULL,,"90.00","100.00","0","Super Admin User",NULL,"1","2025-02-01 21:00:00",NULL
"401","5","Worksheet G3 Islamyat",NULL,NULL,,"320.00","330.00","0","Super Admin User",NULL,"1","2025-02-01 21:00:00",NULL
"402","5","Worksheet G3 Amazing World",NULL,NULL,,"372.00","400.00","0","Super Admin User",NULL,"1","2025-02-01 21:00:00",NULL
"403","5","Worksheet G3 Science",NULL,NULL,,"450.00","450.00","0","Super Admin User",NULL,"1","2025-02-01 21:00:00",NULL
"404","5","Worksheet G3 Math",NULL,NULL,,"800.00","820.00","0","Super Admin User",NULL,"1","2025-02-01 21:00:00",NULL
"405","17","Socks White (Small)",NULL,NULL,,"65.00","80.00","0","Super Admin User",NULL,"1","2025-02-01 21:00:00",NULL
"406","17","Socks White (Medium)",NULL,NULL,,"65.00","100.00","0","Super Admin User",NULL,"1","2025-02-01 21:00:00",NULL
"407","17","Socks White (Large)",NULL,NULL,,"65.00","120.00","0","Super Admin User",NULL,"1","2025-02-01 21:00:00",NULL
"408","17","Socks Black (Small)",NULL,NULL,,"65.00","80.00","0","Super Admin User",NULL,"1","2025-02-01 21:00:00",NULL
"409","17","Socks Black (Medium)",NULL,NULL,,"65.00","100.00","0","Super Admin User",NULL,"1","2025-02-01 21:00:00",NULL
"410","17","Socks Black (Large)",NULL,NULL,,"65.00","120.00","0","Super Admin User",NULL,"1","2025-02-01 21:00:00",NULL
"411","1","Coloured Pencils (ORO #202)",NULL,NULL,"coloured pencils","170.00","250.00","0","16","33","1","2025-03-24 04:20:10","2025-03-23 21:20:10"
"416","8","COMPUTER WHIZ INTRODUCTORY THIRD ADDITION",NULL,NULL,"9780199403783","383.63","495.00","0","16","33","1","2025-04-12 06:52:50","2025-04-11 23:52:50"
"417","1","My Pencil Wow 6=12 Colour",NULL,NULL,"695240209421","140.00","160.00","0","16","33","1","2025-04-12 11:35:37","2025-04-12 04:35:37"
"418","1","My Pencil Wow 12=24 Colour",NULL,NULL,"695240209414","270.00","300.00","0","16","33","1","2025-04-12 11:36:43","2025-04-12 04:36:43"
"419","1","Dollar Ink Corrector",NULL,NULL,"695240211820","28.00","40.00","0","16","33","1","2025-04-12 11:40:33","2025-04-12 04:40:33"
"421","1","Colour Marker ( Dollar Black)",NULL,NULL,"695240200735","15.50","20.00","0","16","33","1","2025-04-12 11:50:16","2025-04-17 22:31:55"
"422","1","Pointer Doller(F-10 Green)",NULL,NULL,"695240210373","24.00","30.00","0","16","33","1","2025-04-20 02:56:11","2025-04-19 19:56:11"
